<ImportExportXml xmlns:xsi="http://www.w3.org/2001/XMLSchema-instance">
  <Entities>
    <Entity>
      <Name LocalizedName="Competitor" OriginalName="Competitor">Competitor</Name>
      <ObjectTypeCode>123</ObjectTypeCode>
      <RibbonDiffXml>
        <CustomActions />
        <Templates>
          <RibbonTemplates Id="Mscrm.Templates"></RibbonTemplates>
        </Templates>
        <CommandDefinitions />
        <RuleDefinitions>
          <TabDisplayRules />
          <DisplayRules />
          <EnableRules />
        </RuleDefinitions>
        <LocLabels />
      </RibbonDiffXml>
    </Entity>
    <Entity>
      <Name LocalizedName="Case" OriginalName="Case">Incident</Name>
      <ObjectTypeCode>112</ObjectTypeCode>
      <FormXml>
        <forms type="main">
          <systemform>
            <formid>{f658c846-f74c-459b-b591-b97558958106}</formid>
            <IntroducedVersion>5.0.0.0</IntroducedVersion>
            <FormPresentation>0</FormPresentation>
            <FormActivationState>0</FormActivationState>
            <form enablerelatedinformation="true">
              <tabs>
                <tab name="general" verticallayout="true" id="{06a2992a-9cc9-41a5-8f37-d2b2214fdde1}" IsUserDefined="0" ordinalvalue="1" solutionaction="Modified" />
                <tab name="notesandkb" id="{ecec23bf-2417-4bdc-a019-0a6aca6c2500}" IsUserDefined="0" expanded="false" ordinalvalue="2" solutionaction="Modified" />
                <tab name="tab_recordwall" id="{e94e6ac4-12db-bc8c-ec81-8b20c5987655}" IsUserDefined="0" locklevel="0" showlabel="true" expanded="false" labelid="{b0762d9e-34e4-4295-a124-207a7f96ab08}" ordinalvalue="0" solutionaction="Added">
                  <labels>
                    <label description="What's New" languagecode="1033" />
                  </labels>
                  <columns>
                    <column width="100%" id="0">
                      <sections>
                        <section name="tab_recordwall_section_1" showlabel="false" showbar="false" locklevel="0" id="{ac0addcc-a626-6c98-40ee-b11edac36204}" IsUserDefined="0" layout="varwidth" columns="1" labelwidth="115" celllabelalignment="Left" celllabelposition="Left" labelid="{a77a37b8-fa83-4141-99f9-955fa3526beb}" ordinalvalue="0">
                          <labels>
                            <label description="Section" languagecode="1033" />
                          </labels>
                          <rows>
                            <row>
                              <cell id="{be13b312-b6ac-83d7-34e1-e90dc1ecbec7}" showlabel="false" colspan="1" auto="false" rowspan="15" labelid="{58eab838-dabc-4297-9e93-8c2164ca4c07}" ordinalvalue="10000">
                                <labels>
                                  <label description="RecordWall" languagecode="1033" />
                                </labels>
                                <control id="WebResource_RecordWall" classid="{9FDF5F91-88B1-47f4-AD53-C11EFC01A01D}">
                                  <parameters>
                                    <Url>msdyn_/RecordWall.htm</Url>
                                    <PassParameters>true</PassParameters>
                                    <Security>false</Security>
                                    <Scrolling>auto</Scrolling>
                                    <Border>false</Border>
                                  </parameters>
                                </control>
                                <events>
                                  <event name="onload" application="0">
                                    <dependencies />
                                  </event>
                                </events>
                              </cell>
                            </row>
                            <row />
                            <row />
                            <row />
                            <row />
                            <row />
                            <row />
                            <row />
                            <row />
                            <row />
                            <row />
                            <row />
                            <row />
                            <row />
                            <row />
                          </rows>
                        </section>
                      </sections>
                    </column>
                  </columns>
                  <events>
                    <event name="tabstatechange" application="false" active="false">
                      <Handlers>
                        <Handler functionName="ActivityFeeds.Form.CustomizationUtils.updateRecordWallRenderingState" libraryName="msdyn_/ActivityFeeds.Form.js" handlerUniqueId="{9beb6ce6-2666-8033-a406-3d68d44b9592}" enabled="true" parameters="" passExecutionContext="true" />
                      </Handlers>
                    </event>
                  </events>
                </tab>
              </tabs>
              <formLibraries solutionaction="Added">
                <Library name="msdyn_/ActivityFeeds.Form.js" libraryUniqueId="{4181da4c-6d13-ba3c-c859-be404e4ee2e3}" />
              </formLibraries>
            </form>
            <LocalizedNames>
              <LocalizedName description="Information" languagecode="1033" />
            </LocalizedNames>
            <Descriptions>
              <Description description="A form for this entity." languagecode="1033" />
            </Descriptions>
          </systemform>
        </forms>
      </FormXml>
      <RibbonDiffXml>
        <CustomActions />
        <Templates>
          <RibbonTemplates Id="Mscrm.Templates"></RibbonTemplates>
        </Templates>
        <CommandDefinitions />
        <RuleDefinitions>
          <TabDisplayRules />
          <DisplayRules />
          <EnableRules />
        </RuleDefinitions>
        <LocLabels />
      </RibbonDiffXml>
    </Entity>
  </Entities>
  <Roles></Roles>
  <Workflows></Workflows>
  <FieldSecurityProfiles></FieldSecurityProfiles>
  <Templates />
  <EntityMaps />
  <EntityRelationships />
  <OrganizationSettings />
  <optionsets />
  <Languages>
    <Language>1033</Language>
  </Languages>
</ImportExportXml>